{
    "camera_position": {
        "x": -75.2851867675781,
        "y": 0.192911148071289
    },
    "camera_viewport": {
        "x1": -103.054443359375,
        "x2": 55.5385208129883,
        "y1": -18.3199443817139,
        "y2": 37.0257110595703
    }
}