{
    "camera_position": {
        "x": -8.03317642211914,
        "y": 5.04962730407715
    },
    "camera_viewport": {
        "x1": -51.7774276733398,
        "x2": 87.4885025024414,
        "y1": -24.1132259368896,
        "y2": 58.3257064819336
    }
}